left_idx,right_idx,replicate_id,judgment,winner,short_rationale,option_1_scores_json,option_2_scores_json,option_1_average,option_2_average,parse_ok,judge_model,judge_label
1,0,0,"{
  ""final_choice"": ""option_1"",
  ""short_rationale"": ""Option 1 provides more comprehensive empathic validation, identifies patterns with greater specificity, integrates evidence-informed framing more explicitly, and offers more concrete and actionable next steps."",
  ""option_1_scores"": {
    ""task_dimension_1"": 9,
    ""task_dimension_2"": 8,
    ""task_dimension_3"": 9,
    ""task_dimension_4"": 9,
    ""task_dimension_5"": 8,
    ""task_dimension_6"": 9,
    ""general_instruction_following"": 10,
    ""general_accuracy_specificity"": 9,
    ""general_practical_usefulness"": 9,
    ""general_organization_readability"": 8,
    ""general_tone_audience_fit"": 9
  },
  ""option_2_scores"": {
    ""task_dimension_1"": 7,
    ""task_dimension_2"": 6,
    ""task_dimension_3"": 7,
    ""task_dimension_4"": 7,
    ""task_dimension_5"": 7,
    ""task_dimension_6"": 7,
    ""general_instruction_following"": 8,
    ""general_accuracy_specificity"": 7,
    ""general_practical_usefulness"": 7,
    ""general_organization_readability"": 7,
    ""general_tone_audience_fit"": 7
  },
  ""option_1_average"": 8.6,
  ""option_2_average"": 7.0
}",option_1,"Option 1 provides more comprehensive empathic validation, identifies patterns with greater specificity, integrates evidence-informed framing more explicitly, and offers more concrete and actionable next steps.","{""general_accuracy_specificity"": 9, ""general_instruction_following"": 10, ""general_organization_readability"": 8, ""general_practical_usefulness"": 9, ""general_tone_audience_fit"": 9, ""task_dimension_1"": 9, ""task_dimension_2"": 8, ""task_dimension_3"": 9, ""task_dimension_4"": 9, ""task_dimension_5"": 8, ""task_dimension_6"": 9}","{""general_accuracy_specificity"": 7, ""general_instruction_following"": 8, ""general_organization_readability"": 7, ""general_practical_usefulness"": 7, ""general_tone_audience_fit"": 7, ""task_dimension_1"": 7, ""task_dimension_2"": 6, ""task_dimension_3"": 7, ""task_dimension_4"": 7, ""task_dimension_5"": 7, ""task_dimension_6"": 7}",8.6,7.0,True,deepseek-ai/DeepSeek-V3.1,DeepSeek-V3.1
2,0,0,"{
  ""final_choice"": ""option_1"",
  ""short_rationale"": ""Option 1 more comprehensively addresses all rubric dimensions, particularly excelling in empathic validation, pattern identification, and providing concrete, actionable steps. Option 2 is less specific and structured in its guidance."",
  ""option_1_scores"": {
    ""task_dimension_1"": 9,
    ""task_dimension_2"": 8,
    ""task_dimension_3"": 8,
    ""task_dimension_4"": 9,
    ""task_dimension_5"": 8,
    ""task_dimension_6"": 8,
    ""general_instruction_following"": 9,
    ""general_accuracy_specificity"": 8,
    ""general_practical_usefulness"": 9,
    ""general_organization_readability"": 8,
    ""general_tone_audience_fit"": 9
  },
  ""option_2_scores"": {
    ""task_dimension_1"": 8,
    ""task_dimension_2"": 7,
    ""task_dimension_3"": 7,
    ""task_dimension_4"": 7,
    ""task_dimension_5"": 7,
    ""task_dimension_6"": 8,
    ""general_instruction_following"": 8,
    ""general_accuracy_specificity"": 7,
    ""general_practical_usefulness"": 7,
    ""general_organization_readability"": 7,
    ""general_tone_audience_fit"": 8
  },
  ""option_1_average"": 8.4,
  ""option_2_average"": 7.4
}",option_1,"Option 1 more comprehensively addresses all rubric dimensions, particularly excelling in empathic validation, pattern identification, and providing concrete, actionable steps. Option 2 is less specific and structured in its guidance.","{""general_accuracy_specificity"": 8, ""general_instruction_following"": 9, ""general_organization_readability"": 8, ""general_practical_usefulness"": 9, ""general_tone_audience_fit"": 9, ""task_dimension_1"": 9, ""task_dimension_2"": 8, ""task_dimension_3"": 8, ""task_dimension_4"": 9, ""task_dimension_5"": 8, ""task_dimension_6"": 8}","{""general_accuracy_specificity"": 7, ""general_instruction_following"": 8, ""general_organization_readability"": 7, ""general_practical_usefulness"": 7, ""general_tone_audience_fit"": 8, ""task_dimension_1"": 8, ""task_dimension_2"": 7, ""task_dimension_3"": 7, ""task_dimension_4"": 7, ""task_dimension_5"": 7, ""task_dimension_6"": 8}",8.4,7.4,True,deepseek-ai/DeepSeek-V3.1,DeepSeek-V3.1
0,4,0,"{
  ""final_choice"": ""option_1"",
  ""short_rationale"": ""Option 1 demonstrates stronger empathic validation, more cautious pattern identification, clearer evidence-informed framing, and more concrete next steps while maintaining a supportive tone."",
  ""option_1_scores"": {
    ""task_dimension_1"": 9,
    ""task_dimension_2"": 8,
    ""task_dimension_3"": 8,
    ""task_dimension_4"": 9,
    ""task_dimension_5"": 8,
    ""task_dimension_6"": 9,
    ""general_instruction_following"": 9,
    ""general_accuracy_specificity"": 8,
    ""general_practical_usefulness"": 9,
    ""general_organization_readability"": 8,
    ""general_tone_audience_fit"": 9
  },
  ""option_2_scores"": {
    ""task_dimension_1"": 8,
    ""task_dimension_2"": 7,
    ""task_dimension_3"": 7,
    ""task_dimension_4"": 7,
    ""task_dimension_5"": 8,
    ""task_dimension_6"": 8,
    ""general_instruction_following"": 8,
    ""general_accuracy_specificity"": 7,
    ""general_practical_usefulness"": 7,
    ""general_organization_readability"": 7,
    ""general_tone_audience_fit"": 8
  },
  ""option_1_average"": 8.4,
  ""option_2_average"": 7.5
}",option_1,"Option 1 demonstrates stronger empathic validation, more cautious pattern identification, clearer evidence-informed framing, and more concrete next steps while maintaining a supportive tone.","{""general_accuracy_specificity"": 8, ""general_instruction_following"": 9, ""general_organization_readability"": 8, ""general_practical_usefulness"": 9, ""general_tone_audience_fit"": 9, ""task_dimension_1"": 9, ""task_dimension_2"": 8, ""task_dimension_3"": 8, ""task_dimension_4"": 9, ""task_dimension_5"": 8, ""task_dimension_6"": 9}","{""general_accuracy_specificity"": 7, ""general_instruction_following"": 8, ""general_organization_readability"": 7, ""general_practical_usefulness"": 7, ""general_tone_audience_fit"": 8, ""task_dimension_1"": 8, ""task_dimension_2"": 7, ""task_dimension_3"": 7, ""task_dimension_4"": 7, ""task_dimension_5"": 8, ""task_dimension_6"": 8}",8.4,7.5,True,deepseek-ai/DeepSeek-V3.1,DeepSeek-V3.1
5,0,0,"{
  ""final_choice"": ""option_1"",
  ""short_rationale"": ""Option 1 more effectively validates emotions without minimizing, provides clearer evidence-informed framing in plain language, and offers more concrete, actionable steps for each required category."",
  ""option_1_scores"": {
    ""task_dimension_1"": 9,
    ""task_dimension_2"": 8,
    ""task_dimension_3"": 9,
    ""task_dimension_4"": 9,
    ""task_dimension_5"": 8,
    ""task_dimension_6"": 9,
    ""general_instruction_following"": 10,
    ""general_accuracy_specificity"": 9,
    ""general_practical_usefulness"": 9,
    ""general_organization_readability"": 9,
    ""general_tone_audience_fit"": 9
  },
  ""option_2_scores"": {
    ""task_dimension_1"": 8,
    ""task_dimension_2"": 7,
    ""task_dimension_3"": 7,
    ""task_dimension_4"": 7,
    ""task_dimension_5"": 7,
    ""task_dimension_6"": 8,
    ""general_instruction_following"": 8,
    ""general_accuracy_specificity"": 7,
    ""general_practical_usefulness"": 7,
    ""general_organization_readability"": 8,
    ""general_tone_audience_fit"": 8
  },
  ""option_1_average"": 8.8,
  ""option_2_average"": 7.5
}",option_1,"Option 1 more effectively validates emotions without minimizing, provides clearer evidence-informed framing in plain language, and offers more concrete, actionable steps for each required category.","{""general_accuracy_specificity"": 9, ""general_instruction_following"": 10, ""general_organization_readability"": 9, ""general_practical_usefulness"": 9, ""general_tone_audience_fit"": 9, ""task_dimension_1"": 9, ""task_dimension_2"": 8, ""task_dimension_3"": 9, ""task_dimension_4"": 9, ""task_dimension_5"": 8, ""task_dimension_6"": 9}","{""general_accuracy_specificity"": 7, ""general_instruction_following"": 8, ""general_organization_readability"": 8, ""general_practical_usefulness"": 7, ""general_tone_audience_fit"": 8, ""task_dimension_1"": 8, ""task_dimension_2"": 7, ""task_dimension_3"": 7, ""task_dimension_4"": 7, ""task_dimension_5"": 7, ""task_dimension_6"": 8}",8.8,7.5,True,deepseek-ai/DeepSeek-V3.1,DeepSeek-V3.1
0,6,0,"{
  ""final_choice"": ""option_1"",
  ""short_rationale"": ""Option 1 more effectively validates without minimizing, provides clearer and more specific concrete steps, and offers a more encouraging close that reinforces agency."",
  ""option_1_scores"": {
    ""task_dimension_1"": 9,
    ""task_dimension_2"": 8,
    ""task_dimension_3"": 8,
    ""task_dimension_4"": 9,
    ""task_dimension_5"": 8,
    ""task_dimension_6"": 9,
    ""general_instruction_following"": 9,
    ""general_accuracy_specificity"": 8,
    ""general_practical_usefulness"": 9,
    ""general_organization_readability"": 8,
    ""general_tone_audience_fit"": 9
  },
  ""option_2_scores"": {
    ""task_dimension_1"": 8,
    ""task_dimension_2"": 7,
    ""task_dimension_3"": 7,
    ""task_dimension_4"": 7,
    ""task_dimension_5"": 8,
    ""task_dimension_6"": 8,
    ""general_instruction_following"": 8,
    ""general_accuracy_specificity"": 7,
    ""general_practical_usefulness"": 7,
    ""general_organization_readability"": 7,
    ""general_tone_audience_fit"": 8
  },
  ""option_1_average"": 8.5,
  ""option_2_average"": 7.5
}",option_1,"Option 1 more effectively validates without minimizing, provides clearer and more specific concrete steps, and offers a more encouraging close that reinforces agency.","{""general_accuracy_specificity"": 8, ""general_instruction_following"": 9, ""general_organization_readability"": 8, ""general_practical_usefulness"": 9, ""general_tone_audience_fit"": 9, ""task_dimension_1"": 9, ""task_dimension_2"": 8, ""task_dimension_3"": 8, ""task_dimension_4"": 9, ""task_dimension_5"": 8, ""task_dimension_6"": 9}","{""general_accuracy_specificity"": 7, ""general_instruction_following"": 8, ""general_organization_readability"": 7, ""general_practical_usefulness"": 7, ""general_tone_audience_fit"": 8, ""task_dimension_1"": 8, ""task_dimension_2"": 7, ""task_dimension_3"": 7, ""task_dimension_4"": 7, ""task_dimension_5"": 8, ""task_dimension_6"": 8}",8.5,7.5,True,deepseek-ai/DeepSeek-V3.1,DeepSeek-V3.1
7,0,0,"{
  ""final_choice"": ""option_1"",
  ""short_rationale"": ""Option 1 excels in empathic validation, pattern identification, and practical usefulness with more specific examples and clearer organization, while Option 2 is more generic and less structured."",
  ""option_1_scores"": {
    ""task_dimension_1"": 9,
    ""task_dimension_2"": 8,
    ""task_dimension_3"": 8,
    ""task_dimension_4"": 8,
    ""task_dimension_5"": 7,
    ""task_dimension_6"": 8,
    ""general_instruction_following"": 9,
    ""general_accuracy_specificity"": 8,
    ""general_practical_usefulness"": 8,
    ""general_organization_readability"": 8,
    ""general_tone_audience_fit"": 9
  },
  ""option_2_scores"": {
    ""task_dimension_1"": 7,
    ""task_dimension_2"": 6,
    ""task_dimension_3"": 7,
    ""task_dimension_4"": 6,
    ""task_dimension_5"": 6,
    ""task_dimension_6"": 7,
    ""general_instruction_following"": 7,
    ""general_accuracy_specificity"": 6,
    ""general_practical_usefulness"": 6,
    ""general_organization_readability"": 6,
    ""general_tone_audience_fit"": 7
  },
  ""option_1_average"": 8.1,
  ""option_2_average"": 6.5
}",option_1,"Option 1 excels in empathic validation, pattern identification, and practical usefulness with more specific examples and clearer organization, while Option 2 is more generic and less structured.","{""general_accuracy_specificity"": 8, ""general_instruction_following"": 9, ""general_organization_readability"": 8, ""general_practical_usefulness"": 8, ""general_tone_audience_fit"": 9, ""task_dimension_1"": 9, ""task_dimension_2"": 8, ""task_dimension_3"": 8, ""task_dimension_4"": 8, ""task_dimension_5"": 7, ""task_dimension_6"": 8}","{""general_accuracy_specificity"": 6, ""general_instruction_following"": 7, ""general_organization_readability"": 6, ""general_practical_usefulness"": 6, ""general_tone_audience_fit"": 7, ""task_dimension_1"": 7, ""task_dimension_2"": 6, ""task_dimension_3"": 7, ""task_dimension_4"": 6, ""task_dimension_5"": 6, ""task_dimension_6"": 7}",8.1,6.5,True,deepseek-ai/DeepSeek-V3.1,DeepSeek-V3.1
0,8,0,"{
  ""final_choice"": ""option_1"",
  ""short_rationale"": ""Option 1 more effectively addresses all six task dimensions with greater clarity, specificity, and practical utility, while Option 2 is more repetitive and less structured."",
  ""option_1_scores"": {
    ""task_dimension_1"": 9,
    ""task_dimension_2"": 8,
    ""task_dimension_3"": 8,
    ""task_dimension_4"": 9,
    ""task_dimension_5"": 8,
    ""task_dimension_6"": 9,
    ""general_instruction_following"": 9,
    ""general_accuracy_specificity"": 9,
    ""general_practical_usefulness"": 9,
    ""general_organization_readability"": 9,
    ""general_tone_audience_fit"": 9
  },
  ""option_2_scores"": {
    ""task_dimension_1"": 8,
    ""task_dimension_2"": 7,
    ""task_dimension_3"": 7,
    ""task_dimension_4"": 7,
    ""task_dimension_5"": 8,
    ""task_dimension_6"": 8,
    ""general_instruction_following"": 7,
    ""general_accuracy_specificity"": 7,
    ""general_practical_usefulness"": 7,
    ""general_organization_readability"": 7,
    ""general_tone_audience_fit"": 8
  },
  ""option_1_average"": 8.6,
  ""option_2_average"": 7.5
}",option_1,"Option 1 more effectively addresses all six task dimensions with greater clarity, specificity, and practical utility, while Option 2 is more repetitive and less structured.","{""general_accuracy_specificity"": 9, ""general_instruction_following"": 9, ""general_organization_readability"": 9, ""general_practical_usefulness"": 9, ""general_tone_audience_fit"": 9, ""task_dimension_1"": 9, ""task_dimension_2"": 8, ""task_dimension_3"": 8, ""task_dimension_4"": 9, ""task_dimension_5"": 8, ""task_dimension_6"": 9}","{""general_accuracy_specificity"": 7, ""general_instruction_following"": 7, ""general_organization_readability"": 7, ""general_practical_usefulness"": 7, ""general_tone_audience_fit"": 8, ""task_dimension_1"": 8, ""task_dimension_2"": 7, ""task_dimension_3"": 7, ""task_dimension_4"": 7, ""task_dimension_5"": 8, ""task_dimension_6"": 8}",8.6,7.5,True,deepseek-ai/DeepSeek-V3.1,DeepSeek-V3.1
0,9,0,"{
  ""final_choice"": ""option_1"",
  ""short_rationale"": ""Option 1 more effectively validates feelings without minimizing, integrates evidence-informed frameworks more seamlessly into plain language, and provides more concrete and actionable next steps."",
  ""option_1_scores"": {
    ""task_dimension_1"": 9,
    ""task_dimension_2"": 8,
    ""task_dimension_3"": 8,
    ""task_dimension_4"": 9,
    ""task_dimension_5"": 7,
    ""task_dimension_6"": 8,
    ""general_instruction_following"": 9,
    ""general_accuracy_specificity"": 8,
    ""general_practical_usefulness"": 9,
    ""general_organization_readability"": 8,
    ""general_tone_audience_fit"": 9
  },
  ""option_2_scores"": {
    ""task_dimension_1"": 8,
    ""task_dimension_2"": 7,
    ""task_dimension_3"": 7,
    ""task_dimension_4"": 7,
    ""task_dimension_5"": 8,
    ""task_dimension_6"": 8,
    ""general_instruction_following"": 8,
    ""general_accuracy_specificity"": 7,
    ""general_practical_usefulness"": 7,
    ""general_organization_readability"": 7,
    ""general_tone_audience_fit"": 8
  },
  ""option_1_average"": 8.3,
  ""option_2_average"": 7.5
}",option_1,"Option 1 more effectively validates feelings without minimizing, integrates evidence-informed frameworks more seamlessly into plain language, and provides more concrete and actionable next steps.","{""general_accuracy_specificity"": 8, ""general_instruction_following"": 9, ""general_organization_readability"": 8, ""general_practical_usefulness"": 9, ""general_tone_audience_fit"": 9, ""task_dimension_1"": 9, ""task_dimension_2"": 8, ""task_dimension_3"": 8, ""task_dimension_4"": 9, ""task_dimension_5"": 7, ""task_dimension_6"": 8}","{""general_accuracy_specificity"": 7, ""general_instruction_following"": 8, ""general_organization_readability"": 7, ""general_practical_usefulness"": 7, ""general_tone_audience_fit"": 8, ""task_dimension_1"": 8, ""task_dimension_2"": 7, ""task_dimension_3"": 7, ""task_dimension_4"": 7, ""task_dimension_5"": 8, ""task_dimension_6"": 8}",8.3,7.5,True,deepseek-ai/DeepSeek-V3.1,DeepSeek-V3.1
2,1,0,"{
  ""final_choice"": ""option_1"",
  ""short_rationale"": ""Option 1 demonstrates stronger adherence to the task requirements with more precise empathic validation, cautious pattern identification, and clearer evidence-informed framing. Its concrete steps are more actionable and organized, and it maintains a consistently supportive tone."",
  ""option_1_scores"": {
    ""task_dimension_1"": 9,
    ""task_dimension_2"": 8,
    ""task_dimension_3"": 8,
    ""task_dimension_4"": 8,
    ""task_dimension_5"": 7,
    ""task_dimension_6"": 8,
    ""general_instruction_following"": 9,
    ""general_accuracy_specificity"": 8,
    ""general_practical_usefulness"": 8,
    ""general_organization_readability"": 8,
    ""general_tone_audience_fit"": 8
  },
  ""option_2_scores"": {
    ""task_dimension_1"": 7,
    ""task_dimension_2"": 6,
    ""task_dimension_3"": 7,
    ""task_dimension_4"": 6,
    ""task_dimension_5"": 6,
    ""task_dimension_6"": 7,
    ""general_instruction_following"": 7,
    ""general_accuracy_specificity"": 7,
    ""general_practical_usefulness"": 7,
    ""general_organization_readability"": 7,
    ""general_tone_audience_fit"": 7
  },
  ""option_1_average"": 8.0,
  ""option_2_average"": 6.7
}",option_1,"Option 1 demonstrates stronger adherence to the task requirements with more precise empathic validation, cautious pattern identification, and clearer evidence-informed framing. Its concrete steps are more actionable and organized, and it maintains a consistently supportive tone.","{""general_accuracy_specificity"": 8, ""general_instruction_following"": 9, ""general_organization_readability"": 8, ""general_practical_usefulness"": 8, ""general_tone_audience_fit"": 8, ""task_dimension_1"": 9, ""task_dimension_2"": 8, ""task_dimension_3"": 8, ""task_dimension_4"": 8, ""task_dimension_5"": 7, ""task_dimension_6"": 8}","{""general_accuracy_specificity"": 7, ""general_instruction_following"": 7, ""general_organization_readability"": 7, ""general_practical_usefulness"": 7, ""general_tone_audience_fit"": 7, ""task_dimension_1"": 7, ""task_dimension_2"": 6, ""task_dimension_3"": 7, ""task_dimension_4"": 6, ""task_dimension_5"": 6, ""task_dimension_6"": 7}",8.0,6.7,True,deepseek-ai/DeepSeek-V3.1,DeepSeek-V3.1
4,1,0,"{
  ""final_choice"": ""option_1"",
  ""short_rationale"": ""Option 1 demonstrates stronger empathic validation, clearer identification of patterns, more explicit evidence-informed framing, and more actionable concrete steps, making it more comprehensive and practically useful."",
  ""option_1_scores"": {
    ""task_dimension_1"": 9,
    ""task_dimension_2"": 8,
    ""task_dimension_3"": 8,
    ""task_dimension_4"": 9,
    ""task_dimension_5"": 7,
    ""task_dimension_6"": 8,
    ""general_instruction_following"": 9,
    ""general_accuracy_specificity"": 8,
    ""general_practical_usefulness"": 9,
    ""general_organization_readability"": 8,
    ""general_tone_audience_fit"": 8
  },
  ""option_2_scores"": {
    ""task_dimension_1"": 7,
    ""task_dimension_2"": 7,
    ""task_dimension_3"": 6,
    ""task_dimension_4"": 7,
    ""task_dimension_5"": 7,
    ""task_dimension_6"": 7,
    ""general_instruction_following"": 8,
    ""general_accuracy_specificity"": 7,
    ""general_practical_usefulness"": 7,
    ""general_organization_readability"": 7,
    ""general_tone_audience_fit"": 7
  },
  ""option_1_average"": 8.2,
  ""option_2_average"": 7.0
}",option_1,"Option 1 demonstrates stronger empathic validation, clearer identification of patterns, more explicit evidence-informed framing, and more actionable concrete steps, making it more comprehensive and practically useful.","{""general_accuracy_specificity"": 8, ""general_instruction_following"": 9, ""general_organization_readability"": 8, ""general_practical_usefulness"": 9, ""general_tone_audience_fit"": 8, ""task_dimension_1"": 9, ""task_dimension_2"": 8, ""task_dimension_3"": 8, ""task_dimension_4"": 9, ""task_dimension_5"": 7, ""task_dimension_6"": 8}","{""general_accuracy_specificity"": 7, ""general_instruction_following"": 8, ""general_organization_readability"": 7, ""general_practical_usefulness"": 7, ""general_tone_audience_fit"": 7, ""task_dimension_1"": 7, ""task_dimension_2"": 7, ""task_dimension_3"": 6, ""task_dimension_4"": 7, ""task_dimension_5"": 7, ""task_dimension_6"": 7}",8.2,7.0,True,deepseek-ai/DeepSeek-V3.1,DeepSeek-V3.1
1,5,0,"{
  ""final_choice"": ""option_1"",
  ""short_rationale"": ""Option 1 demonstrates stronger performance across all rubric dimensions, particularly in empathic validation, pattern identification, and practical usefulness. It provides more specific, actionable steps and maintains a clearer supportive counseling tone throughout."",
  ""option_1_scores"": {
    ""task_dimension_1"": 9,
    ""task_dimension_2"": 8,
    ""task_dimension_3"": 8,
    ""task_dimension_4"": 9,
    ""task_dimension_5"": 8,
    ""task_dimension_6"": 9,
    ""general_instruction_following"": 9,
    ""general_accuracy_specificity"": 8,
    ""general_practical_usefulness"": 9,
    ""general_organization_readability"": 8,
    ""general_tone_audience_fit"": 9
  },
  ""option_2_scores"": {
    ""task_dimension_1"": 8,
    ""task_dimension_2"": 7,
    ""task_dimension_3"": 7,
    ""task_dimension_4"": 7,
    ""task_dimension_5"": 7,
    ""task_dimension_6"": 8,
    ""general_instruction_following"": 8,
    ""general_accuracy_specificity"": 7,
    ""general_practical_usefulness"": 7,
    ""general_organization_readability"": 7,
    ""general_tone_audience_fit"": 8
  },
  ""option_1_average"": 8.5,
  ""option_2_average"": 7.5
}",option_1,"Option 1 demonstrates stronger performance across all rubric dimensions, particularly in empathic validation, pattern identification, and practical usefulness. It provides more specific, actionable steps and maintains a clearer supportive counseling tone throughout.","{""general_accuracy_specificity"": 8, ""general_instruction_following"": 9, ""general_organization_readability"": 8, ""general_practical_usefulness"": 9, ""general_tone_audience_fit"": 9, ""task_dimension_1"": 9, ""task_dimension_2"": 8, ""task_dimension_3"": 8, ""task_dimension_4"": 9, ""task_dimension_5"": 8, ""task_dimension_6"": 9}","{""general_accuracy_specificity"": 7, ""general_instruction_following"": 8, ""general_organization_readability"": 7, ""general_practical_usefulness"": 7, ""general_tone_audience_fit"": 8, ""task_dimension_1"": 8, ""task_dimension_2"": 7, ""task_dimension_3"": 7, ""task_dimension_4"": 7, ""task_dimension_5"": 7, ""task_dimension_6"": 8}",8.5,7.5,True,deepseek-ai/DeepSeek-V3.1,DeepSeek-V3.1
6,1,0,"{
  ""final_choice"": ""option_1"",
  ""short_rationale"": ""Option 1 demonstrates stronger empathic validation, more cautious pattern identification, clearer evidence-informed framing, and more actionable concrete steps, while maintaining a better tone fit for supportive counseling."",
  ""option_1_scores"": {
    ""task_dimension_1"": 9,
    ""task_dimension_2"": 8,
    ""task_dimension_3"": 8,
    ""task_dimension_4"": 8,
    ""task_dimension_5"": 7,
    ""task_dimension_6"": 8,
    ""general_instruction_following"": 9,
    ""general_accuracy_specificity"": 8,
    ""general_practical_usefulness"": 8,
    ""general_organization_readability"": 8,
    ""general_tone_audience_fit"": 9
  },
  ""option_2_scores"": {
    ""task_dimension_1"": 7,
    ""task_dimension_2"": 6,
    ""task_dimension_3"": 7,
    ""task_dimension_4"": 7,
    ""task_dimension_5"": 6,
    ""task_dimension_6"": 7,
    ""general_instruction_following"": 8,
    ""general_accuracy_specificity"": 7,
    ""general_practical_usefulness"": 7,
    ""general_organization_readability"": 7,
    ""general_tone_audience_fit"": 7
  },
  ""option_1_average"": 8.1,
  ""option_2_average"": 6.8
}",option_1,"Option 1 demonstrates stronger empathic validation, more cautious pattern identification, clearer evidence-informed framing, and more actionable concrete steps, while maintaining a better tone fit for supportive counseling.","{""general_accuracy_specificity"": 8, ""general_instruction_following"": 9, ""general_organization_readability"": 8, ""general_practical_usefulness"": 8, ""general_tone_audience_fit"": 9, ""task_dimension_1"": 9, ""task_dimension_2"": 8, ""task_dimension_3"": 8, ""task_dimension_4"": 8, ""task_dimension_5"": 7, ""task_dimension_6"": 8}","{""general_accuracy_specificity"": 7, ""general_instruction_following"": 8, ""general_organization_readability"": 7, ""general_practical_usefulness"": 7, ""general_tone_audience_fit"": 7, ""task_dimension_1"": 7, ""task_dimension_2"": 6, ""task_dimension_3"": 7, ""task_dimension_4"": 7, ""task_dimension_5"": 6, ""task_dimension_6"": 7}",8.1,6.8,True,deepseek-ai/DeepSeek-V3.1,DeepSeek-V3.1
1,7,0,"{
  ""final_choice"": ""option_1"",
  ""short_rationale"": ""Option 1 demonstrates stronger performance across all rubric dimensions, particularly in empathic validation, evidence-informed framing, and practical usefulness. It provides more specific, actionable steps and maintains a consistently supportive tone."",
  ""option_1_scores"": {
    ""task_dimension_1"": 9,
    ""task_dimension_2"": 8,
    ""task_dimension_3"": 8,
    ""task_dimension_4"": 8,
    ""task_dimension_5"": 7,
    ""task_dimension_6"": 8,
    ""general_instruction_following"": 9,
    ""general_accuracy_specificity"": 8,
    ""general_practical_usefulness"": 8,
    ""general_organization_readability"": 8,
    ""general_tone_audience_fit"": 9
  },
  ""option_2_scores"": {
    ""task_dimension_1"": 7,
    ""task_dimension_2"": 6,
    ""task_dimension_3"": 7,
    ""task_dimension_4"": 7,
    ""task_dimension_5"": 6,
    ""task_dimension_6"": 7,
    ""general_instruction_following"": 7,
    ""general_accuracy_specificity"": 7,
    ""general_practical_usefulness"": 7,
    ""general_organization_readability"": 7,
    ""general_tone_audience_fit"": 7
  },
  ""option_1_average"": 8.1,
  ""option_2_average"": 6.8
}",option_1,"Option 1 demonstrates stronger performance across all rubric dimensions, particularly in empathic validation, evidence-informed framing, and practical usefulness. It provides more specific, actionable steps and maintains a consistently supportive tone.","{""general_accuracy_specificity"": 8, ""general_instruction_following"": 9, ""general_organization_readability"": 8, ""general_practical_usefulness"": 8, ""general_tone_audience_fit"": 9, ""task_dimension_1"": 9, ""task_dimension_2"": 8, ""task_dimension_3"": 8, ""task_dimension_4"": 8, ""task_dimension_5"": 7, ""task_dimension_6"": 8}","{""general_accuracy_specificity"": 7, ""general_instruction_following"": 7, ""general_organization_readability"": 7, ""general_practical_usefulness"": 7, ""general_tone_audience_fit"": 7, ""task_dimension_1"": 7, ""task_dimension_2"": 6, ""task_dimension_3"": 7, ""task_dimension_4"": 7, ""task_dimension_5"": 6, ""task_dimension_6"": 7}",8.1,6.8,True,deepseek-ai/DeepSeek-V3.1,DeepSeek-V3.1
1,8,0,"{
  ""final_choice"": ""option_1"",
  ""short_rationale"": ""Option 1 demonstrates stronger performance across all rubric dimensions, particularly in empathic validation, pattern identification, and practical usefulness. It provides more specific, actionable advice while maintaining a supportive tone that reinforces agency."",
  ""option_1_scores"": {
    ""task_dimension_1"": 9,
    ""task_dimension_2"": 8,
    ""task_dimension_3"": 8,
    ""task_dimension_4"": 9,
    ""task_dimension_5"": 8,
    ""task_dimension_6"": 9,
    ""general_instruction_following"": 9,
    ""general_accuracy_specificity"": 8,
    ""general_practical_usefulness"": 9,
    ""general_organization_readability"": 8,
    ""general_tone_audience_fit"": 9
  },
  ""option_2_scores"": {
    ""task_dimension_1"": 7,
    ""task_dimension_2"": 7,
    ""task_dimension_3"": 7,
    ""task_dimension_4"": 7,
    ""task_dimension_5"": 7,
    ""task_dimension_6"": 7,
    ""general_instruction_following"": 8,
    ""general_accuracy_specificity"": 7,
    ""general_practical_usefulness"": 7,
    ""general_organization_readability"": 7,
    ""general_tone_audience_fit"": 8
  },
  ""option_1_average"": 8.5,
  ""option_2_average"": 7.2
}",option_1,"Option 1 demonstrates stronger performance across all rubric dimensions, particularly in empathic validation, pattern identification, and practical usefulness. It provides more specific, actionable advice while maintaining a supportive tone that reinforces agency.","{""general_accuracy_specificity"": 8, ""general_instruction_following"": 9, ""general_organization_readability"": 8, ""general_practical_usefulness"": 9, ""general_tone_audience_fit"": 9, ""task_dimension_1"": 9, ""task_dimension_2"": 8, ""task_dimension_3"": 8, ""task_dimension_4"": 9, ""task_dimension_5"": 8, ""task_dimension_6"": 9}","{""general_accuracy_specificity"": 7, ""general_instruction_following"": 8, ""general_organization_readability"": 7, ""general_practical_usefulness"": 7, ""general_tone_audience_fit"": 8, ""task_dimension_1"": 7, ""task_dimension_2"": 7, ""task_dimension_3"": 7, ""task_dimension_4"": 7, ""task_dimension_5"": 7, ""task_dimension_6"": 7}",8.5,7.2,True,deepseek-ai/DeepSeek-V3.1,DeepSeek-V3.1
9,1,0,"{
  ""final_choice"": ""option_1"",
  ""short_rationale"": ""Option 1 demonstrates stronger empathic validation, more cautious pattern identification, clearer evidence-informed framing, and more concrete next steps while maintaining a supportive counseling tone throughout."",
  ""option_1_scores"": {
    ""task_dimension_1"": 9,
    ""task_dimension_2"": 8,
    ""task_dimension_3"": 8,
    ""task_dimension_4"": 8,
    ""task_dimension_5"": 7,
    ""task_dimension_6"": 8,
    ""general_instruction_following"": 9,
    ""general_accuracy_specificity"": 8,
    ""general_practical_usefulness"": 8,
    ""general_organization_readability"": 8,
    ""general_tone_audience_fit"": 9
  },
  ""option_2_scores"": {
    ""task_dimension_1"": 7,
    ""task_dimension_2"": 6,
    ""task_dimension_3"": 7,
    ""task_dimension_4"": 7,
    ""task_dimension_5"": 6,
    ""task_dimension_6"": 7,
    ""general_instruction_following"": 8,
    ""general_accuracy_specificity"": 7,
    ""general_practical_usefulness"": 7,
    ""general_organization_readability"": 7,
    ""general_tone_audience_fit"": 8
  },
  ""option_1_average"": 8.1,
  ""option_2_average"": 7.0
}",option_1,"Option 1 demonstrates stronger empathic validation, more cautious pattern identification, clearer evidence-informed framing, and more concrete next steps while maintaining a supportive counseling tone throughout.","{""general_accuracy_specificity"": 8, ""general_instruction_following"": 9, ""general_organization_readability"": 8, ""general_practical_usefulness"": 8, ""general_tone_audience_fit"": 9, ""task_dimension_1"": 9, ""task_dimension_2"": 8, ""task_dimension_3"": 8, ""task_dimension_4"": 8, ""task_dimension_5"": 7, ""task_dimension_6"": 8}","{""general_accuracy_specificity"": 7, ""general_instruction_following"": 8, ""general_organization_readability"": 7, ""general_practical_usefulness"": 7, ""general_tone_audience_fit"": 8, ""task_dimension_1"": 7, ""task_dimension_2"": 6, ""task_dimension_3"": 7, ""task_dimension_4"": 7, ""task_dimension_5"": 6, ""task_dimension_6"": 7}",8.1,7.0,True,deepseek-ai/DeepSeek-V3.1,DeepSeek-V3.1
4,2,0,"{
  ""final_choice"": ""option_1"",
  ""short_rationale"": ""Option 1 scores higher across all dimensions, particularly excelling in empathic validation, pattern identification clarity, and evidence-informed framing. It provides more specific, actionable steps and a stronger encouraging close."",
  ""option_1_scores"": {
    ""task_dimension_1"": 9,
    ""task_dimension_2"": 8,
    ""task_dimension_3"": 8,
    ""task_dimension_4"": 8,
    ""task_dimension_5"": 7,
    ""task_dimension_6"": 8,
    ""general_instruction_following"": 9,
    ""general_accuracy_specificity"": 8,
    ""general_practical_usefulness"": 8,
    ""general_organization_readability"": 8,
    ""general_tone_audience_fit"": 9
  },
  ""option_2_scores"": {
    ""task_dimension_1"": 7,
    ""task_dimension_2"": 6,
    ""task_dimension_3"": 7,
    ""task_dimension_4"": 6,
    ""task_dimension_5"": 6,
    ""task_dimension_6"": 7,
    ""general_instruction_following"": 7,
    ""general_accuracy_specificity"": 7,
    ""general_practical_usefulness"": 7,
    ""general_organization_readability"": 7,
    ""general_tone_audience_fit"": 8
  },
  ""option_1_average"": 8.1,
  ""option_2_average"": 6.8
}",option_1,"Option 1 scores higher across all dimensions, particularly excelling in empathic validation, pattern identification clarity, and evidence-informed framing. It provides more specific, actionable steps and a stronger encouraging close.","{""general_accuracy_specificity"": 8, ""general_instruction_following"": 9, ""general_organization_readability"": 8, ""general_practical_usefulness"": 8, ""general_tone_audience_fit"": 9, ""task_dimension_1"": 9, ""task_dimension_2"": 8, ""task_dimension_3"": 8, ""task_dimension_4"": 8, ""task_dimension_5"": 7, ""task_dimension_6"": 8}","{""general_accuracy_specificity"": 7, ""general_instruction_following"": 7, ""general_organization_readability"": 7, ""general_practical_usefulness"": 7, ""general_tone_audience_fit"": 8, ""task_dimension_1"": 7, ""task_dimension_2"": 6, ""task_dimension_3"": 7, ""task_dimension_4"": 6, ""task_dimension_5"": 6, ""task_dimension_6"": 7}",8.1,6.8,True,deepseek-ai/DeepSeek-V3.1,DeepSeek-V3.1
2,5,0,"{
  ""final_choice"": ""option_1"",
  ""short_rationale"": ""Option 1 more effectively validates feelings without minimizing, provides more concrete and actionable steps, and maintains a clearer, more organized structure for practical use."",
  ""option_1_scores"": {
    ""task_dimension_1"": 9,
    ""task_dimension_2"": 8,
    ""task_dimension_3"": 8,
    ""task_dimension_4"": 9,
    ""task_dimension_5"": 8,
    ""task_dimension_6"": 9,
    ""general_instruction_following"": 9,
    ""general_accuracy_specificity"": 9,
    ""general_practical_usefulness"": 9,
    ""general_organization_readability"": 9,
    ""general_tone_audience_fit"": 9
  },
  ""option_2_scores"": {
    ""task_dimension_1"": 8,
    ""task_dimension_2"": 7,
    ""task_dimension_3"": 7,
    ""task_dimension_4"": 7,
    ""task_dimension_5"": 8,
    ""task_dimension_6"": 8,
    ""general_instruction_following"": 8,
    ""general_accuracy_specificity"": 7,
    ""general_practical_usefulness"": 7,
    ""general_organization_readability"": 7,
    ""general_tone_audience_fit"": 8
  },
  ""option_1_average"": 8.6,
  ""option_2_average"": 7.5
}",option_1,"Option 1 more effectively validates feelings without minimizing, provides more concrete and actionable steps, and maintains a clearer, more organized structure for practical use.","{""general_accuracy_specificity"": 9, ""general_instruction_following"": 9, ""general_organization_readability"": 9, ""general_practical_usefulness"": 9, ""general_tone_audience_fit"": 9, ""task_dimension_1"": 9, ""task_dimension_2"": 8, ""task_dimension_3"": 8, ""task_dimension_4"": 9, ""task_dimension_5"": 8, ""task_dimension_6"": 9}","{""general_accuracy_specificity"": 7, ""general_instruction_following"": 8, ""general_organization_readability"": 7, ""general_practical_usefulness"": 7, ""general_tone_audience_fit"": 8, ""task_dimension_1"": 8, ""task_dimension_2"": 7, ""task_dimension_3"": 7, ""task_dimension_4"": 7, ""task_dimension_5"": 8, ""task_dimension_6"": 8}",8.6,7.5,True,deepseek-ai/DeepSeek-V3.1,DeepSeek-V3.1
2,6,0,"{
  ""final_choice"": ""option_1"",
  ""short_rationale"": ""Option 1 more effectively validates without minimizing, provides clearer pattern identification with specific examples, offers more concrete and actionable steps, and includes a stronger safety note."",
  ""option_1_scores"": {
    ""task_dimension_1"": 9,
    ""task_dimension_2"": 8,
    ""task_dimension_3"": 8,
    ""task_dimension_4"": 9,
    ""task_dimension_5"": 8,
    ""task_dimension_6"": 8,
    ""general_instruction_following"": 9,
    ""general_accuracy_specificity"": 8,
    ""general_practical_usefulness"": 9,
    ""general_organization_readability"": 8,
    ""general_tone_audience_fit"": 9
  },
  ""option_2_scores"": {
    ""task_dimension_1"": 8,
    ""task_dimension_2"": 7,
    ""task_dimension_3"": 7,
    ""task_dimension_4"": 7,
    ""task_dimension_5"": 7,
    ""task_dimension_6"": 8,
    ""general_instruction_following"": 8,
    ""general_accuracy_specificity"": 7,
    ""general_practical_usefulness"": 7,
    ""general_organization_readability"": 7,
    ""general_tone_audience_fit"": 8
  },
  ""option_1_average"": 8.4,
  ""option_2_average"": 7.4
}",option_1,"Option 1 more effectively validates without minimizing, provides clearer pattern identification with specific examples, offers more concrete and actionable steps, and includes a stronger safety note.","{""general_accuracy_specificity"": 8, ""general_instruction_following"": 9, ""general_organization_readability"": 8, ""general_practical_usefulness"": 9, ""general_tone_audience_fit"": 9, ""task_dimension_1"": 9, ""task_dimension_2"": 8, ""task_dimension_3"": 8, ""task_dimension_4"": 9, ""task_dimension_5"": 8, ""task_dimension_6"": 8}","{""general_accuracy_specificity"": 7, ""general_instruction_following"": 8, ""general_organization_readability"": 7, ""general_practical_usefulness"": 7, ""general_tone_audience_fit"": 8, ""task_dimension_1"": 8, ""task_dimension_2"": 7, ""task_dimension_3"": 7, ""task_dimension_4"": 7, ""task_dimension_5"": 7, ""task_dimension_6"": 8}",8.4,7.4,True,deepseek-ai/DeepSeek-V3.1,DeepSeek-V3.1
2,7,0,"{
  ""final_choice"": ""option_1"",
  ""short_rationale"": ""Option 1 more effectively validates without minimizing, identifies patterns more cautiously, provides clearer evidence-informed framing, and offers more concrete, actionable steps."",
  ""option_1_scores"": {
    ""task_dimension_1"": 9,
    ""task_dimension_2"": 8,
    ""task_dimension_3"": 8,
    ""task_dimension_4"": 9,
    ""task_dimension_5"": 8,
    ""task_dimension_6"": 9,
    ""general_instruction_following"": 9,
    ""general_accuracy_specificity"": 8,
    ""general_practical_usefulness"": 9,
    ""general_organization_readability"": 8,
    ""general_tone_audience_fit"": 9
  },
  ""option_2_scores"": {
    ""task_dimension_1"": 8,
    ""task_dimension_2"": 7,
    ""task_dimension_3"": 7,
    ""task_dimension_4"": 7,
    ""task_dimension_5"": 8,
    ""task_dimension_6"": 8,
    ""general_instruction_following"": 8,
    ""general_accuracy_specificity"": 7,
    ""general_practical_usefulness"": 7,
    ""general_organization_readability"": 7,
    ""general_tone_audience_fit"": 8
  },
  ""option_1_average"": 8.5,
  ""option_2_average"": 7.5
}",option_1,"Option 1 more effectively validates without minimizing, identifies patterns more cautiously, provides clearer evidence-informed framing, and offers more concrete, actionable steps.","{""general_accuracy_specificity"": 8, ""general_instruction_following"": 9, ""general_organization_readability"": 8, ""general_practical_usefulness"": 9, ""general_tone_audience_fit"": 9, ""task_dimension_1"": 9, ""task_dimension_2"": 8, ""task_dimension_3"": 8, ""task_dimension_4"": 9, ""task_dimension_5"": 8, ""task_dimension_6"": 9}","{""general_accuracy_specificity"": 7, ""general_instruction_following"": 8, ""general_organization_readability"": 7, ""general_practical_usefulness"": 7, ""general_tone_audience_fit"": 8, ""task_dimension_1"": 8, ""task_dimension_2"": 7, ""task_dimension_3"": 7, ""task_dimension_4"": 7, ""task_dimension_5"": 8, ""task_dimension_6"": 8}",8.5,7.5,True,deepseek-ai/DeepSeek-V3.1,DeepSeek-V3.1
2,8,0,"{
  ""final_choice"": ""option_1"",
  ""short_rationale"": ""Option 1 more effectively validates feelings without minimizing, provides clearer pattern identification, and offers more specific, actionable steps for each requested strategy."",
  ""option_1_scores"": {
    ""task_dimension_1"": 9,
    ""task_dimension_2"": 8,
    ""task_dimension_3"": 8,
    ""task_dimension_4"": 9,
    ""task_dimension_5"": 7,
    ""task_dimension_6"": 8,
    ""general_instruction_following"": 9,
    ""general_accuracy_specificity"": 8,
    ""general_practical_usefulness"": 9,
    ""general_organization_readability"": 8,
    ""general_tone_audience_fit"": 9
  },
  ""option_2_scores"": {
    ""task_dimension_1"": 8,
    ""task_dimension_2"": 7,
    ""task_dimension_3"": 7,
    ""task_dimension_4"": 7,
    ""task_dimension_5"": 7,
    ""task_dimension_6"": 8,
    ""general_instruction_following"": 8,
    ""general_accuracy_specificity"": 7,
    ""general_practical_usefulness"": 7,
    ""general_organization_readability"": 7,
    ""general_tone_audience_fit"": 8
  },
  ""option_1_average"": 8.3,
  ""option_2_average"": 7.4
}",option_1,"Option 1 more effectively validates feelings without minimizing, provides clearer pattern identification, and offers more specific, actionable steps for each requested strategy.","{""general_accuracy_specificity"": 8, ""general_instruction_following"": 9, ""general_organization_readability"": 8, ""general_practical_usefulness"": 9, ""general_tone_audience_fit"": 9, ""task_dimension_1"": 9, ""task_dimension_2"": 8, ""task_dimension_3"": 8, ""task_dimension_4"": 9, ""task_dimension_5"": 7, ""task_dimension_6"": 8}","{""general_accuracy_specificity"": 7, ""general_instruction_following"": 8, ""general_organization_readability"": 7, ""general_practical_usefulness"": 7, ""general_tone_audience_fit"": 8, ""task_dimension_1"": 8, ""task_dimension_2"": 7, ""task_dimension_3"": 7, ""task_dimension_4"": 7, ""task_dimension_5"": 7, ""task_dimension_6"": 8}",8.3,7.4,True,deepseek-ai/DeepSeek-V3.1,DeepSeek-V3.1
2,9,0,"{
  ""final_choice"": ""option_2"",
  ""short_rationale"": ""Option 2 provides more comprehensive empathic validation, clearer evidence-informed framing, more specific and actionable concrete steps, and a stronger encouraging close that reinforces agency."",
  ""option_1_scores"": {
    ""task_dimension_1"": 7,
    ""task_dimension_2"": 7,
    ""task_dimension_3"": 7,
    ""task_dimension_4"": 7,
    ""task_dimension_5"": 7,
    ""task_dimension_6"": 7,
    ""general_instruction_following"": 8,
    ""general_accuracy_specificity"": 7,
    ""general_practical_usefulness"": 7,
    ""general_organization_readability"": 7,
    ""general_tone_audience_fit"": 7
  },
  ""option_2_scores"": {
    ""task_dimension_1"": 9,
    ""task_dimension_2"": 8,
    ""task_dimension_3"": 9,
    ""task_dimension_4"": 9,
    ""task_dimension_5"": 8,
    ""task_dimension_6"": 9,
    ""general_instruction_following"": 9,
    ""general_accuracy_specificity"": 9,
    ""general_practical_usefulness"": 9,
    ""general_organization_readability"": 8,
    ""general_tone_audience_fit"": 9
  },
  ""option_1_average"": 7.1,
  ""option_2_average"": 8.6
}",option_2,"Option 2 provides more comprehensive empathic validation, clearer evidence-informed framing, more specific and actionable concrete steps, and a stronger encouraging close that reinforces agency.","{""general_accuracy_specificity"": 7, ""general_instruction_following"": 8, ""general_organization_readability"": 7, ""general_practical_usefulness"": 7, ""general_tone_audience_fit"": 7, ""task_dimension_1"": 7, ""task_dimension_2"": 7, ""task_dimension_3"": 7, ""task_dimension_4"": 7, ""task_dimension_5"": 7, ""task_dimension_6"": 7}","{""general_accuracy_specificity"": 9, ""general_instruction_following"": 9, ""general_organization_readability"": 8, ""general_practical_usefulness"": 9, ""general_tone_audience_fit"": 9, ""task_dimension_1"": 9, ""task_dimension_2"": 8, ""task_dimension_3"": 9, ""task_dimension_4"": 9, ""task_dimension_5"": 8, ""task_dimension_6"": 9}",7.1,8.6,True,deepseek-ai/DeepSeek-V3.1,DeepSeek-V3.1
4,5,0,"{
  ""final_choice"": ""option_1"",
  ""short_rationale"": ""Option 1 excels in empathic validation, pattern identification clarity, and evidence-informed framing with specific CBT/positive psychology integration. It provides more concrete, actionable steps and a stronger encouraging close that reinforces agency."",
  ""option_1_scores"": {
    ""task_dimension_1"": 9,
    ""task_dimension_2"": 8,
    ""task_dimension_3"": 8,
    ""task_dimension_4"": 8,
    ""task_dimension_5"": 7,
    ""task_dimension_6"": 8,
    ""general_instruction_following"": 9,
    ""general_accuracy_specificity"": 8,
    ""general_practical_usefulness"": 8,
    ""general_organization_readability"": 8,
    ""general_tone_audience_fit"": 9
  },
  ""option_2_scores"": {
    ""task_dimension_1"": 8,
    ""task_dimension_2"": 7,
    ""task_dimension_3"": 7,
    ""task_dimension_4"": 7,
    ""task_dimension_5"": 7,
    ""task_dimension_6"": 7,
    ""general_instruction_following"": 8,
    ""general_accuracy_specificity"": 7,
    ""general_practical_usefulness"": 7,
    ""general_organization_readability"": 7,
    ""general_tone_audience_fit"": 8
  },
  ""option_1_average"": 8.1,
  ""option_2_average"": 7.3
}",option_1,"Option 1 excels in empathic validation, pattern identification clarity, and evidence-informed framing with specific CBT/positive psychology integration. It provides more concrete, actionable steps and a stronger encouraging close that reinforces agency.","{""general_accuracy_specificity"": 8, ""general_instruction_following"": 9, ""general_organization_readability"": 8, ""general_practical_usefulness"": 8, ""general_tone_audience_fit"": 9, ""task_dimension_1"": 9, ""task_dimension_2"": 8, ""task_dimension_3"": 8, ""task_dimension_4"": 8, ""task_dimension_5"": 7, ""task_dimension_6"": 8}","{""general_accuracy_specificity"": 7, ""general_instruction_following"": 8, ""general_organization_readability"": 7, ""general_practical_usefulness"": 7, ""general_tone_audience_fit"": 8, ""task_dimension_1"": 8, ""task_dimension_2"": 7, ""task_dimension_3"": 7, ""task_dimension_4"": 7, ""task_dimension_5"": 7, ""task_dimension_6"": 7}",8.1,7.3,True,deepseek-ai/DeepSeek-V3.1,DeepSeek-V3.1
4,6,0,"{
  ""final_choice"": ""option_1"",
  ""short_rationale"": ""Option 1 more effectively validates without minimizing, provides clearer pattern identification, offers more specific evidence-informed framing, and delivers more concrete and actionable next steps."",
  ""option_1_scores"": {
    ""task_dimension_1"": 9,
    ""task_dimension_2"": 8,
    ""task_dimension_3"": 8,
    ""task_dimension_4"": 9,
    ""task_dimension_5"": 8,
    ""task_dimension_6"": 9,
    ""general_instruction_following"": 9,
    ""general_accuracy_specificity"": 9,
    ""general_practical_usefulness"": 9,
    ""general_organization_readability"": 8,
    ""general_tone_audience_fit"": 9
  },
  ""option_2_scores"": {
    ""task_dimension_1"": 7,
    ""task_dimension_2"": 6,
    ""task_dimension_3"": 7,
    ""task_dimension_4"": 7,
    ""task_dimension_5"": 7,
    ""task_dimension_6"": 8,
    ""general_instruction_following"": 8,
    ""general_accuracy_specificity"": 7,
    ""general_practical_usefulness"": 7,
    ""general_organization_readability"": 7,
    ""general_tone_audience_fit"": 8
  },
  ""option_1_average"": 8.5,
  ""option_2_average"": 7.2
}",option_1,"Option 1 more effectively validates without minimizing, provides clearer pattern identification, offers more specific evidence-informed framing, and delivers more concrete and actionable next steps.","{""general_accuracy_specificity"": 9, ""general_instruction_following"": 9, ""general_organization_readability"": 8, ""general_practical_usefulness"": 9, ""general_tone_audience_fit"": 9, ""task_dimension_1"": 9, ""task_dimension_2"": 8, ""task_dimension_3"": 8, ""task_dimension_4"": 9, ""task_dimension_5"": 8, ""task_dimension_6"": 9}","{""general_accuracy_specificity"": 7, ""general_instruction_following"": 8, ""general_organization_readability"": 7, ""general_practical_usefulness"": 7, ""general_tone_audience_fit"": 8, ""task_dimension_1"": 7, ""task_dimension_2"": 6, ""task_dimension_3"": 7, ""task_dimension_4"": 7, ""task_dimension_5"": 7, ""task_dimension_6"": 8}",8.5,7.2,True,deepseek-ai/DeepSeek-V3.1,DeepSeek-V3.1
4,7,0,"{
  ""final_choice"": ""option_1"",
  ""short_rationale"": ""Option 1 more effectively validates emotions without minimizing, provides clearer evidence-informed framing, and offers more concrete and actionable next steps while maintaining a supportive tone."",
  ""option_1_scores"": {
    ""task_dimension_1"": 9,
    ""task_dimension_2"": 8,
    ""task_dimension_3"": 8,
    ""task_dimension_4"": 8,
    ""task_dimension_5"": 7,
    ""task_dimension_6"": 8,
    ""general_instruction_following"": 9,
    ""general_accuracy_specificity"": 8,
    ""general_practical_usefulness"": 8,
    ""general_organization_readability"": 8,
    ""general_tone_audience_fit"": 9
  },
  ""option_2_scores"": {
    ""task_dimension_1"": 7,
    ""task_dimension_2"": 6,
    ""task_dimension_3"": 6,
    ""task_dimension_4"": 6,
    ""task_dimension_5"": 6,
    ""task_dimension_6"": 7,
    ""general_instruction_following"": 7,
    ""general_accuracy_specificity"": 6,
    ""general_practical_usefulness"": 6,
    ""general_organization_readability"": 7,
    ""general_tone_audience_fit"": 7
  },
  ""option_1_average"": 8.1,
  ""option_2_average"": 6.5
}",option_1,"Option 1 more effectively validates emotions without minimizing, provides clearer evidence-informed framing, and offers more concrete and actionable next steps while maintaining a supportive tone.","{""general_accuracy_specificity"": 8, ""general_instruction_following"": 9, ""general_organization_readability"": 8, ""general_practical_usefulness"": 8, ""general_tone_audience_fit"": 9, ""task_dimension_1"": 9, ""task_dimension_2"": 8, ""task_dimension_3"": 8, ""task_dimension_4"": 8, ""task_dimension_5"": 7, ""task_dimension_6"": 8}","{""general_accuracy_specificity"": 6, ""general_instruction_following"": 7, ""general_organization_readability"": 7, ""general_practical_usefulness"": 6, ""general_tone_audience_fit"": 7, ""task_dimension_1"": 7, ""task_dimension_2"": 6, ""task_dimension_3"": 6, ""task_dimension_4"": 6, ""task_dimension_5"": 6, ""task_dimension_6"": 7}",8.1,6.5,True,deepseek-ai/DeepSeek-V3.1,DeepSeek-V3.1
8,4,0,"{
  ""final_choice"": ""option_1"",
  ""short_rationale"": ""Option 1 provides more specific, actionable strategies and clearer evidence-informed framing in plain language. It better integrates CBT and positive psychology concepts with concrete examples for thought reframing and values clarification."",
  ""option_1_scores"": {
    ""task_dimension_1"": 9,
    ""task_dimension_2"": 8,
    ""task_dimension_3"": 9,
    ""task_dimension_4"": 9,
    ""task_dimension_5"": 8,
    ""task_dimension_6"": 9,
    ""general_instruction_following"": 10,
    ""general_accuracy_specificity"": 9,
    ""general_practical_usefulness"": 9,
    ""general_organization_readability"": 8,
    ""general_tone_audience_fit"": 9
  },
  ""option_2_scores"": {
    ""task_dimension_1"": 8,
    ""task_dimension_2"": 7,
    ""task_dimension_3"": 7,
    ""task_dimension_4"": 7,
    ""task_dimension_5"": 8,
    ""task_dimension_6"": 8,
    ""general_instruction_following"": 9,
    ""general_accuracy_specificity"": 7,
    ""general_practical_usefulness"": 7,
    ""general_organization_readability"": 8,
    ""general_tone_audience_fit"": 8
  },
  ""option_1_average"": 8.7,
  ""option_2_average"": 7.6
}",option_1,"Option 1 provides more specific, actionable strategies and clearer evidence-informed framing in plain language. It better integrates CBT and positive psychology concepts with concrete examples for thought reframing and values clarification.","{""general_accuracy_specificity"": 9, ""general_instruction_following"": 10, ""general_organization_readability"": 8, ""general_practical_usefulness"": 9, ""general_tone_audience_fit"": 9, ""task_dimension_1"": 9, ""task_dimension_2"": 8, ""task_dimension_3"": 9, ""task_dimension_4"": 9, ""task_dimension_5"": 8, ""task_dimension_6"": 9}","{""general_accuracy_specificity"": 7, ""general_instruction_following"": 9, ""general_organization_readability"": 8, ""general_practical_usefulness"": 7, ""general_tone_audience_fit"": 8, ""task_dimension_1"": 8, ""task_dimension_2"": 7, ""task_dimension_3"": 7, ""task_dimension_4"": 7, ""task_dimension_5"": 8, ""task_dimension_6"": 8}",8.7,7.6,True,deepseek-ai/DeepSeek-V3.1,DeepSeek-V3.1
4,9,0,"{
  ""final_choice"": ""option_1"",
  ""short_rationale"": ""Option 1 more effectively validates feelings without minimizing, provides clearer pattern identification, and offers more concrete, actionable steps aligned with evidence-based frameworks."",
  ""option_1_scores"": {
    ""task_dimension_1"": 9,
    ""task_dimension_2"": 8,
    ""task_dimension_3"": 8,
    ""task_dimension_4"": 9,
    ""task_dimension_5"": 7,
    ""task_dimension_6"": 8,
    ""general_instruction_following"": 9,
    ""general_accuracy_specificity"": 8,
    ""general_practical_usefulness"": 9,
    ""general_organization_readability"": 8,
    ""general_tone_audience_fit"": 9
  },
  ""option_2_scores"": {
    ""task_dimension_1"": 7,
    ""task_dimension_2"": 6,
    ""task_dimension_3"": 7,
    ""task_dimension_4"": 7,
    ""task_dimension_5"": 6,
    ""task_dimension_6"": 7,
    ""general_instruction_following"": 8,
    ""general_accuracy_specificity"": 7,
    ""general_practical_usefulness"": 7,
    ""general_organization_readability"": 7,
    ""general_tone_audience_fit"": 8
  },
  ""option_1_average"": 8.3,
  ""option_2_average"": 7.0
}",option_1,"Option 1 more effectively validates feelings without minimizing, provides clearer pattern identification, and offers more concrete, actionable steps aligned with evidence-based frameworks.","{""general_accuracy_specificity"": 8, ""general_instruction_following"": 9, ""general_organization_readability"": 8, ""general_practical_usefulness"": 9, ""general_tone_audience_fit"": 9, ""task_dimension_1"": 9, ""task_dimension_2"": 8, ""task_dimension_3"": 8, ""task_dimension_4"": 9, ""task_dimension_5"": 7, ""task_dimension_6"": 8}","{""general_accuracy_specificity"": 7, ""general_instruction_following"": 8, ""general_organization_readability"": 7, ""general_practical_usefulness"": 7, ""general_tone_audience_fit"": 8, ""task_dimension_1"": 7, ""task_dimension_2"": 6, ""task_dimension_3"": 7, ""task_dimension_4"": 7, ""task_dimension_5"": 6, ""task_dimension_6"": 7}",8.3,7.0,True,deepseek-ai/DeepSeek-V3.1,DeepSeek-V3.1
6,5,0,"{
  ""final_choice"": ""option_1"",
  ""short_rationale"": ""Option 1 more effectively validates feelings without minimizing, provides clearer evidence-informed framing in plain language, and offers more concrete and actionable next steps. Option 2 is slightly repetitive and less specific in its practical guidance."",
  ""option_1_scores"": {
    ""task_dimension_1"": 9,
    ""task_dimension_2"": 8,
    ""task_dimension_3"": 9,
    ""task_dimension_4"": 9,
    ""task_dimension_5"": 8,
    ""task_dimension_6"": 9,
    ""general_instruction_following"": 10,
    ""general_accuracy_specificity"": 9,
    ""general_practical_usefulness"": 9,
    ""general_organization_readability"": 9,
    ""general_tone_audience_fit"": 9
  },
  ""option_2_scores"": {
    ""task_dimension_1"": 8,
    ""task_dimension_2"": 7,
    ""task_dimension_3"": 8,
    ""task_dimension_4"": 7,
    ""task_dimension_5"": 8,
    ""task_dimension_6"": 8,
    ""general_instruction_following"": 9,
    ""general_accuracy_specificity"": 8,
    ""general_practical_usefulness"": 8,
    ""general_organization_readability"": 8,
    ""general_tone_audience_fit"": 8
  },
  ""option_1_average"": 8.8,
  ""option_2_average"": 7.9
}",option_1,"Option 1 more effectively validates feelings without minimizing, provides clearer evidence-informed framing in plain language, and offers more concrete and actionable next steps. Option 2 is slightly repetitive and less specific in its practical guidance.","{""general_accuracy_specificity"": 9, ""general_instruction_following"": 10, ""general_organization_readability"": 9, ""general_practical_usefulness"": 9, ""general_tone_audience_fit"": 9, ""task_dimension_1"": 9, ""task_dimension_2"": 8, ""task_dimension_3"": 9, ""task_dimension_4"": 9, ""task_dimension_5"": 8, ""task_dimension_6"": 9}","{""general_accuracy_specificity"": 8, ""general_instruction_following"": 9, ""general_organization_readability"": 8, ""general_practical_usefulness"": 8, ""general_tone_audience_fit"": 8, ""task_dimension_1"": 8, ""task_dimension_2"": 7, ""task_dimension_3"": 8, ""task_dimension_4"": 7, ""task_dimension_5"": 8, ""task_dimension_6"": 8}",8.8,7.9,True,deepseek-ai/DeepSeek-V3.1,DeepSeek-V3.1
5,7,0,"{
  ""final_choice"": ""option_1"",
  ""short_rationale"": ""Option 1 more effectively validates without minimizing, integrates evidence-informed framing more clearly, and provides more concrete, actionable steps aligned with the request."",
  ""option_1_scores"": {
    ""task_dimension_1"": 9,
    ""task_dimension_2"": 8,
    ""task_dimension_3"": 8,
    ""task_dimension_4"": 9,
    ""task_dimension_5"": 8,
    ""task_dimension_6"": 9,
    ""general_instruction_following"": 9,
    ""general_accuracy_specificity"": 8,
    ""general_practical_usefulness"": 9,
    ""general_organization_readability"": 8,
    ""general_tone_audience_fit"": 9
  },
  ""option_2_scores"": {
    ""task_dimension_1"": 8,
    ""task_dimension_2"": 7,
    ""task_dimension_3"": 7,
    ""task_dimension_4"": 7,
    ""task_dimension_5"": 7,
    ""task_dimension_6"": 8,
    ""general_instruction_following"": 8,
    ""general_accuracy_specificity"": 7,
    ""general_practical_usefulness"": 7,
    ""general_organization_readability"": 7,
    ""general_tone_audience_fit"": 8
  },
  ""option_1_average"": 8.5,
  ""option_2_average"": 7.4
}",option_1,"Option 1 more effectively validates without minimizing, integrates evidence-informed framing more clearly, and provides more concrete, actionable steps aligned with the request.","{""general_accuracy_specificity"": 8, ""general_instruction_following"": 9, ""general_organization_readability"": 8, ""general_practical_usefulness"": 9, ""general_tone_audience_fit"": 9, ""task_dimension_1"": 9, ""task_dimension_2"": 8, ""task_dimension_3"": 8, ""task_dimension_4"": 9, ""task_dimension_5"": 8, ""task_dimension_6"": 9}","{""general_accuracy_specificity"": 7, ""general_instruction_following"": 8, ""general_organization_readability"": 7, ""general_practical_usefulness"": 7, ""general_tone_audience_fit"": 8, ""task_dimension_1"": 8, ""task_dimension_2"": 7, ""task_dimension_3"": 7, ""task_dimension_4"": 7, ""task_dimension_5"": 7, ""task_dimension_6"": 8}",8.5,7.4,True,deepseek-ai/DeepSeek-V3.1,DeepSeek-V3.1
8,5,0,"{
  ""final_choice"": ""option_1"",
  ""short_rationale"": ""Option 1 more effectively validates emotions without minimizing, provides clearer evidence-informed framing in plain language, and offers more concrete, actionable next steps."",
  ""option_1_scores"": {
    ""task_dimension_1"": 9,
    ""task_dimension_2"": 8,
    ""task_dimension_3"": 9,
    ""task_dimension_4"": 9,
    ""task_dimension_5"": 8,
    ""task_dimension_6"": 9,
    ""general_instruction_following"": 9,
    ""general_accuracy_specificity"": 8,
    ""general_practical_usefulness"": 9,
    ""general_organization_readability"": 8,
    ""general_tone_audience_fit"": 9
  },
  ""option_2_scores"": {
    ""task_dimension_1"": 8,
    ""task_dimension_2"": 7,
    ""task_dimension_3"": 7,
    ""task_dimension_4"": 7,
    ""task_dimension_5"": 8,
    ""task_dimension_6"": 8,
    ""general_instruction_following"": 8,
    ""general_accuracy_specificity"": 7,
    ""general_practical_usefulness"": 7,
    ""general_organization_readability"": 7,
    ""general_tone_audience_fit"": 8
  },
  ""option_1_average"": 8.5,
  ""option_2_average"": 7.5
}",option_1,"Option 1 more effectively validates emotions without minimizing, provides clearer evidence-informed framing in plain language, and offers more concrete, actionable next steps.","{""general_accuracy_specificity"": 8, ""general_instruction_following"": 9, ""general_organization_readability"": 8, ""general_practical_usefulness"": 9, ""general_tone_audience_fit"": 9, ""task_dimension_1"": 9, ""task_dimension_2"": 8, ""task_dimension_3"": 9, ""task_dimension_4"": 9, ""task_dimension_5"": 8, ""task_dimension_6"": 9}","{""general_accuracy_specificity"": 7, ""general_instruction_following"": 8, ""general_organization_readability"": 7, ""general_practical_usefulness"": 7, ""general_tone_audience_fit"": 8, ""task_dimension_1"": 8, ""task_dimension_2"": 7, ""task_dimension_3"": 7, ""task_dimension_4"": 7, ""task_dimension_5"": 8, ""task_dimension_6"": 8}",8.5,7.5,True,deepseek-ai/DeepSeek-V3.1,DeepSeek-V3.1
9,5,0,"{
  ""final_choice"": ""option_1"",
  ""short_rationale"": ""Option 1 more effectively validates the client's feelings without minimizing them, provides more specific and actionable next steps, and offers a clearer safety note. Option 2 is slightly more repetitive and less concrete in its guidance."",
  ""option_1_scores"": {
    ""task_dimension_1"": 9,
    ""task_dimension_2"": 8,
    ""task_dimension_3"": 8,
    ""task_dimension_4"": 9,
    ""task_dimension_5"": 8,
    ""task_dimension_6"": 9,
    ""general_instruction_following"": 9,
    ""general_accuracy_specificity"": 9,
    ""general_practical_usefulness"": 9,
    ""general_organization_readability"": 9,
    ""general_tone_audience_fit"": 9
  },
  ""option_2_scores"": {
    ""task_dimension_1"": 8,
    ""task_dimension_2"": 7,
    ""task_dimension_3"": 7,
    ""task_dimension_4"": 7,
    ""task_dimension_5"": 7,
    ""task_dimension_6"": 8,
    ""general_instruction_following"": 8,
    ""general_accuracy_specificity"": 8,
    ""general_practical_usefulness"": 8,
    ""general_organization_readability"": 8,
    ""general_tone_audience_fit"": 8
  },
  ""option_1_average"": 8.7,
  ""option_2_average"": 7.7
}",option_1,"Option 1 more effectively validates the client's feelings without minimizing them, provides more specific and actionable next steps, and offers a clearer safety note. Option 2 is slightly more repetitive and less concrete in its guidance.","{""general_accuracy_specificity"": 9, ""general_instruction_following"": 9, ""general_organization_readability"": 9, ""general_practical_usefulness"": 9, ""general_tone_audience_fit"": 9, ""task_dimension_1"": 9, ""task_dimension_2"": 8, ""task_dimension_3"": 8, ""task_dimension_4"": 9, ""task_dimension_5"": 8, ""task_dimension_6"": 9}","{""general_accuracy_specificity"": 8, ""general_instruction_following"": 8, ""general_organization_readability"": 8, ""general_practical_usefulness"": 8, ""general_tone_audience_fit"": 8, ""task_dimension_1"": 8, ""task_dimension_2"": 7, ""task_dimension_3"": 7, ""task_dimension_4"": 7, ""task_dimension_5"": 7, ""task_dimension_6"": 8}",8.7,7.7,True,deepseek-ai/DeepSeek-V3.1,DeepSeek-V3.1
7,6,0,"{
  ""final_choice"": ""option_1"",
  ""short_rationale"": ""Option 1 demonstrates stronger performance across all rubric dimensions, particularly in empathic validation, pattern identification, evidence-informed framing, and concrete next steps. It provides more specific, actionable guidance while maintaining a supportive tone."",
  ""option_1_scores"": {
    ""task_dimension_1"": 9,
    ""task_dimension_2"": 8,
    ""task_dimension_3"": 8,
    ""task_dimension_4"": 9,
    ""task_dimension_5"": 8,
    ""task_dimension_6"": 8,
    ""general_instruction_following"": 9,
    ""general_accuracy_specificity"": 8,
    ""general_practical_usefulness"": 9,
    ""general_organization_readability"": 8,
    ""general_tone_audience_fit"": 9
  },
  ""option_2_scores"": {
    ""task_dimension_1"": 7,
    ""task_dimension_2"": 6,
    ""task_dimension_3"": 7,
    ""task_dimension_4"": 7,
    ""task_dimension_5"": 7,
    ""task_dimension_6"": 7,
    ""general_instruction_following"": 8,
    ""general_accuracy_specificity"": 7,
    ""general_practical_usefulness"": 7,
    ""general_organization_readability"": 7,
    ""general_tone_audience_fit"": 8
  },
  ""option_1_average"": 8.4,
  ""option_2_average"": 7.1
}",option_1,"Option 1 demonstrates stronger performance across all rubric dimensions, particularly in empathic validation, pattern identification, evidence-informed framing, and concrete next steps. It provides more specific, actionable guidance while maintaining a supportive tone.","{""general_accuracy_specificity"": 8, ""general_instruction_following"": 9, ""general_organization_readability"": 8, ""general_practical_usefulness"": 9, ""general_tone_audience_fit"": 9, ""task_dimension_1"": 9, ""task_dimension_2"": 8, ""task_dimension_3"": 8, ""task_dimension_4"": 9, ""task_dimension_5"": 8, ""task_dimension_6"": 8}","{""general_accuracy_specificity"": 7, ""general_instruction_following"": 8, ""general_organization_readability"": 7, ""general_practical_usefulness"": 7, ""general_tone_audience_fit"": 8, ""task_dimension_1"": 7, ""task_dimension_2"": 6, ""task_dimension_3"": 7, ""task_dimension_4"": 7, ""task_dimension_5"": 7, ""task_dimension_6"": 7}",8.4,7.1,True,deepseek-ai/DeepSeek-V3.1,DeepSeek-V3.1
6,8,0,"{
  ""final_choice"": ""option_1"",
  ""short_rationale"": ""Option 1 more effectively validates feelings without minimizing, provides clearer evidence-informed framing, and offers more structured and actionable next steps."",
  ""option_1_scores"": {
    ""task_dimension_1"": 9,
    ""task_dimension_2"": 8,
    ""task_dimension_3"": 8,
    ""task_dimension_4"": 8,
    ""task_dimension_5"": 8,
    ""task_dimension_6"": 9,
    ""general_instruction_following"": 9,
    ""general_accuracy_specificity"": 8,
    ""general_practical_usefulness"": 8,
    ""general_organization_readability"": 8,
    ""general_tone_audience_fit"": 9
  },
  ""option_2_scores"": {
    ""task_dimension_1"": 8,
    ""task_dimension_2"": 7,
    ""task_dimension_3"": 7,
    ""task_dimension_4"": 7,
    ""task_dimension_5"": 8,
    ""task_dimension_6"": 8,
    ""general_instruction_following"": 8,
    ""general_accuracy_specificity"": 7,
    ""general_practical_usefulness"": 7,
    ""general_organization_readability"": 7,
    ""general_tone_audience_fit"": 8
  },
  ""option_1_average"": 8.3,
  ""option_2_average"": 7.5
}",option_1,"Option 1 more effectively validates feelings without minimizing, provides clearer evidence-informed framing, and offers more structured and actionable next steps.","{""general_accuracy_specificity"": 8, ""general_instruction_following"": 9, ""general_organization_readability"": 8, ""general_practical_usefulness"": 8, ""general_tone_audience_fit"": 9, ""task_dimension_1"": 9, ""task_dimension_2"": 8, ""task_dimension_3"": 8, ""task_dimension_4"": 8, ""task_dimension_5"": 8, ""task_dimension_6"": 9}","{""general_accuracy_specificity"": 7, ""general_instruction_following"": 8, ""general_organization_readability"": 7, ""general_practical_usefulness"": 7, ""general_tone_audience_fit"": 8, ""task_dimension_1"": 8, ""task_dimension_2"": 7, ""task_dimension_3"": 7, ""task_dimension_4"": 7, ""task_dimension_5"": 8, ""task_dimension_6"": 8}",8.3,7.5,True,deepseek-ai/DeepSeek-V3.1,DeepSeek-V3.1
6,9,0,"{
  ""final_choice"": ""option_2"",
  ""short_rationale"": ""Option 2 provides more comprehensive and detailed guidance across all dimensions, particularly excelling in concrete next steps, evidence-informed framing, and maintaining a supportive counseling tone."",
  ""option_1_scores"": {
    ""task_dimension_1"": 8,
    ""task_dimension_2"": 7,
    ""task_dimension_3"": 7,
    ""task_dimension_4"": 6,
    ""task_dimension_5"": 8,
    ""task_dimension_6"": 8,
    ""general_instruction_following"": 8,
    ""general_accuracy_specificity"": 7,
    ""general_practical_usefulness"": 7,
    ""general_organization_readability"": 7,
    ""general_tone_audience_fit"": 8
  },
  ""option_2_scores"": {
    ""task_dimension_1"": 9,
    ""task_dimension_2"": 8,
    ""task_dimension_3"": 9,
    ""task_dimension_4"": 9,
    ""task_dimension_5"": 9,
    ""task_dimension_6"": 9,
    ""general_instruction_following"": 9,
    ""general_accuracy_specificity"": 9,
    ""general_practical_usefulness"": 9,
    ""general_organization_readability"": 8,
    ""general_tone_audience_fit"": 9
  },
  ""option_1_average"": 7.5,
  ""option_2_average"": 8.7
}",option_2,"Option 2 provides more comprehensive and detailed guidance across all dimensions, particularly excelling in concrete next steps, evidence-informed framing, and maintaining a supportive counseling tone.","{""general_accuracy_specificity"": 7, ""general_instruction_following"": 8, ""general_organization_readability"": 7, ""general_practical_usefulness"": 7, ""general_tone_audience_fit"": 8, ""task_dimension_1"": 8, ""task_dimension_2"": 7, ""task_dimension_3"": 7, ""task_dimension_4"": 6, ""task_dimension_5"": 8, ""task_dimension_6"": 8}","{""general_accuracy_specificity"": 9, ""general_instruction_following"": 9, ""general_organization_readability"": 8, ""general_practical_usefulness"": 9, ""general_tone_audience_fit"": 9, ""task_dimension_1"": 9, ""task_dimension_2"": 8, ""task_dimension_3"": 9, ""task_dimension_4"": 9, ""task_dimension_5"": 9, ""task_dimension_6"": 9}",7.5,8.7,True,deepseek-ai/DeepSeek-V3.1,DeepSeek-V3.1
8,7,0,"{
  ""final_choice"": ""option_1"",
  ""short_rationale"": ""Option 1 more effectively integrates evidence-based frameworks into plain language, provides more specific and actionable concrete steps, and delivers a stronger encouraging close that reinforces agency."",
  ""option_1_scores"": {
    ""task_dimension_1"": 9,
    ""task_dimension_2"": 8,
    ""task_dimension_3"": 9,
    ""task_dimension_4"": 9,
    ""task_dimension_5"": 8,
    ""task_dimension_6"": 9,
    ""general_instruction_following"": 10,
    ""general_accuracy_specificity"": 9,
    ""general_practical_usefulness"": 9,
    ""general_organization_readability"": 9,
    ""general_tone_audience_fit"": 9
  },
  ""option_2_scores"": {
    ""task_dimension_1"": 8,
    ""task_dimension_2"": 7,
    ""task_dimension_3"": 7,
    ""task_dimension_4"": 7,
    ""task_dimension_5"": 8,
    ""task_dimension_6"": 8,
    ""general_instruction_following"": 9,
    ""general_accuracy_specificity"": 8,
    ""general_practical_usefulness"": 7,
    ""general_organization_readability"": 8,
    ""general_tone_audience_fit"": 8
  },
  ""option_1_average"": 8.8,
  ""option_2_average"": 7.8
}",option_1,"Option 1 more effectively integrates evidence-based frameworks into plain language, provides more specific and actionable concrete steps, and delivers a stronger encouraging close that reinforces agency.","{""general_accuracy_specificity"": 9, ""general_instruction_following"": 10, ""general_organization_readability"": 9, ""general_practical_usefulness"": 9, ""general_tone_audience_fit"": 9, ""task_dimension_1"": 9, ""task_dimension_2"": 8, ""task_dimension_3"": 9, ""task_dimension_4"": 9, ""task_dimension_5"": 8, ""task_dimension_6"": 9}","{""general_accuracy_specificity"": 8, ""general_instruction_following"": 9, ""general_organization_readability"": 8, ""general_practical_usefulness"": 7, ""general_tone_audience_fit"": 8, ""task_dimension_1"": 8, ""task_dimension_2"": 7, ""task_dimension_3"": 7, ""task_dimension_4"": 7, ""task_dimension_5"": 8, ""task_dimension_6"": 8}",8.8,7.8,True,deepseek-ai/DeepSeek-V3.1,DeepSeek-V3.1
7,9,0,"{
  ""final_choice"": ""option_1"",
  ""short_rationale"": ""Option 1 demonstrates stronger empathic validation, more cautious pattern identification, clearer evidence-informed framing, and more concrete next steps than Option 2."",
  ""option_1_scores"": {
    ""task_dimension_1"": 9,
    ""task_dimension_2"": 8,
    ""task_dimension_3"": 8,
    ""task_dimension_4"": 9,
    ""task_dimension_5"": 8,
    ""task_dimension_6"": 9,
    ""general_instruction_following"": 9,
    ""general_accuracy_specificity"": 8,
    ""general_practical_usefulness"": 9,
    ""general_organization_readability"": 8,
    ""general_tone_audience_fit"": 9
  },
  ""option_2_scores"": {
    ""task_dimension_1"": 7,
    ""task_dimension_2"": 6,
    ""task_dimension_3"": 7,
    ""task_dimension_4"": 7,
    ""task_dimension_5"": 7,
    ""task_dimension_6"": 8,
    ""general_instruction_following"": 7,
    ""general_accuracy_specificity"": 7,
    ""general_practical_usefulness"": 7,
    ""general_organization_readability"": 7,
    ""general_tone_audience_fit"": 8
  },
  ""option_1_average"": 8.5,
  ""option_2_average"": 7.1
}",option_1,"Option 1 demonstrates stronger empathic validation, more cautious pattern identification, clearer evidence-informed framing, and more concrete next steps than Option 2.","{""general_accuracy_specificity"": 8, ""general_instruction_following"": 9, ""general_organization_readability"": 8, ""general_practical_usefulness"": 9, ""general_tone_audience_fit"": 9, ""task_dimension_1"": 9, ""task_dimension_2"": 8, ""task_dimension_3"": 8, ""task_dimension_4"": 9, ""task_dimension_5"": 8, ""task_dimension_6"": 9}","{""general_accuracy_specificity"": 7, ""general_instruction_following"": 7, ""general_organization_readability"": 7, ""general_practical_usefulness"": 7, ""general_tone_audience_fit"": 8, ""task_dimension_1"": 7, ""task_dimension_2"": 6, ""task_dimension_3"": 7, ""task_dimension_4"": 7, ""task_dimension_5"": 7, ""task_dimension_6"": 8}",8.5,7.1,True,deepseek-ai/DeepSeek-V3.1,DeepSeek-V3.1
9,8,0,"{
  ""final_choice"": ""option_1"",
  ""short_rationale"": ""Option 1 more comprehensively addresses all rubric dimensions with stronger empathic validation, clearer pattern identification, more specific evidence-informed framing, and more actionable concrete steps."",
  ""option_1_scores"": {
    ""task_dimension_1"": 9,
    ""task_dimension_2"": 8,
    ""task_dimension_3"": 8,
    ""task_dimension_4"": 9,
    ""task_dimension_5"": 8,
    ""task_dimension_6"": 9,
    ""general_instruction_following"": 9,
    ""general_accuracy_specificity"": 8,
    ""general_practical_usefulness"": 9,
    ""general_organization_readability"": 8,
    ""general_tone_audience_fit"": 9
  },
  ""option_2_scores"": {
    ""task_dimension_1"": 8,
    ""task_dimension_2"": 7,
    ""task_dimension_3"": 7,
    ""task_dimension_4"": 7,
    ""task_dimension_5"": 8,
    ""task_dimension_6"": 8,
    ""general_instruction_following"": 8,
    ""general_accuracy_specificity"": 7,
    ""general_practical_usefulness"": 7,
    ""general_organization_readability"": 7,
    ""general_tone_audience_fit"": 8
  },
  ""option_1_average"": 8.5,
  ""option_2_average"": 7.5
}",option_1,"Option 1 more comprehensively addresses all rubric dimensions with stronger empathic validation, clearer pattern identification, more specific evidence-informed framing, and more actionable concrete steps.","{""general_accuracy_specificity"": 8, ""general_instruction_following"": 9, ""general_organization_readability"": 8, ""general_practical_usefulness"": 9, ""general_tone_audience_fit"": 9, ""task_dimension_1"": 9, ""task_dimension_2"": 8, ""task_dimension_3"": 8, ""task_dimension_4"": 9, ""task_dimension_5"": 8, ""task_dimension_6"": 9}","{""general_accuracy_specificity"": 7, ""general_instruction_following"": 8, ""general_organization_readability"": 7, ""general_practical_usefulness"": 7, ""general_tone_audience_fit"": 8, ""task_dimension_1"": 8, ""task_dimension_2"": 7, ""task_dimension_3"": 7, ""task_dimension_4"": 7, ""task_dimension_5"": 8, ""task_dimension_6"": 8}",8.5,7.5,True,deepseek-ai/DeepSeek-V3.1,DeepSeek-V3.1
